Workbook
Name Slicer_Gender: #N/A
Name Slicer_Manager: #N/A
Name Slicer_Region: #N/A

Sheet Production Dataset
A1: ProductionID | B1: ProductionDate | C1: Region | D1: Manager | E1: ProductType | F1: UnitsProduced | G1: TotalCost | H1: Gender | I1: True Age | J1: Age Group | K1: Production cost per unit | L1: Cost Per Unit | M1: Year | N1: Month_Year
A2: 1 | B2: 45380 | C2: South | D2: John Doe | E2: Automobiles | F2: 412 | G2: 22288 | H2: Female | I2: 25 | J2: =IF('Production Dataset'!I2<35,"A1",IF('Production Dataset'!I2<45,"A2","A3")) -> A1 | K2: =G2/F2 -> 54.097087 | L2: =G2/F2 -> 54.097087 | M2: =YEAR(B2) -> 2024 | N2: =TEXT(B2,"MMM-YYYY") -> Mar-2024
A3: 2 | B3: 45420 | C3: West | D3: Laura Black | E3: Furniture | F3: 430 | G3: 66500 | H3: Female | I3: 52 | J3: =IF('Production Dataset'!I3<35,"A1",IF('Production Dataset'!I3<45,"A2","A3")) -> A3 | K3: =G3/F3 -> 154.65116 | L3: =G3/F3 -> 154.65116 | M3: =YEAR(B3) -> 2024 | N3: =TEXT(B3,"MMM-YYYY") -> May-2024
A4: 3 | B4: 45504 | C4: North | D4: Sarah Lee | E4: Machinery | F4: 478 | G4: 76076 | H4: Male | I4: 36 | J4: =IF('Production Dataset'!I4<35,"A1",IF('Production Dataset'!I4<45,"A2","A3")) -> A2 | K4: =G4/F4 -> 159.15481 | L4: =G4/F4 -> 159.15481 | M4: =YEAR(B4) -> 2024 | N4: =TEXT(B4,"MMM-YYYY") -> Jul-2024
A5: 4 | B5: 45214 | C5: West | D5: Mike Brown | E5: Machinery | F5: 459 | G5: 17069 | H5: Unknown | I5: 57 | J5: =IF('Production Dataset'!I5<35,"A1",IF('Production Dataset'!I5<45,"A2","A3")) -> A3 | K5: =G5/F5 -> 37.187364 | L5: =G5/F5 -> 37.187364 | M5: =YEAR(B5) -> 2023 | N5: =TEXT(B5,"MMM-YYYY") -> Oct-2023
A6: 5 | B6: 45449 | C6: South | D6: Jane Smith | E6: Machinery | F6: 178 | G6: 41349 | H6: Male | I6: 26 | J6: =IF('Production Dataset'!I6<35,"A1",IF('Production Dataset'!I6<45,"A2","A3")) -> A1 | K6: =G6/F6 -> 232.29775 | L6: =G6/F6 -> 232.29775 | M6: =YEAR(B6) -> 2024 | N6: =TEXT(B6,"MMM-YYYY") -> Jun-2024
A7: 6 | B7: 45350 | C7: West | D7: Jane Smith | E7: Machinery | F7: 401 | G7: 19691 | H7: Male | I7: 26 | J7: =IF('Production Dataset'!I7<35,"A1",IF('Production Dataset'!I7<45,"A2","A3")) -> A1 | K7: =G7/F7 -> 49.104738 | L7: =G7/F7 -> 49.104738 | M7: =YEAR(B7) -> 2024 | N7: =TEXT(B7,"MMM-YYYY") -> Feb-2024
A8: 7 | B8: 45472 | C8: West | D8: Andrew Blue | E8: Machinery | F8: 68 | G8: 11696 | H8: Male | I8: 28 | J8: =IF('Production Dataset'!I8<35,"A1",IF('Production Dataset'!I8<45,"A2","A3")) -> A1 | K8: =G8/F8 -> 172 | L8: =G8/F8 -> 172 | M8: =YEAR(B8) -> 2024 | N8: =TEXT(B8,"MMM-YYYY") -> Jun-2024
A9: 8 | B9: 45299 | C9: West | D9: David White | E9: Electronics | F9: 447 | G9: 52269 | H9: Male | I9: 28 | J9: =IF('Production Dataset'!I9<35,"A1",IF('Production Dataset'!I9<45,"A2","A3")) -> A1 | K9: =G9/F9 -> 116.93289 | L9: =G9/F9 -> 116.93289 | M9: =YEAR(B9) -> 2024 | N9: =TEXT(B9,"MMM-YYYY") -> Jan-2024
A10: 9 | B10: 45217 | C10: West | D10: Nancy Grey | E10: Electronics | F10: 55 | G10: 25893 | H10: Male | I10: 42 | J10: =IF('Production Dataset'!I10<35,"A1",IF('Production Dataset'!I10<45,"A2","A3")) -> A2 | K10: =G10/F10 -> 470.78182 | L10: =G10/F10 -> 470.78182 | M10: =YEAR(B10) -> 2023 | N10: =TEXT(B10,"MMM-YYYY") -> Oct-2023
A11: 10 | B11: 45508 | C11: West | D11: Nancy Grey | E11: Automobiles | F11: 396 | G11: 38480 | H11: Female | I11: 42 | J11: =IF('Production Dataset'!I11<35,"A1",IF('Production Dataset'!I11<45,"A2","A3")) -> A2 | K11: =G11/F11 -> 97.171717 | L11: =G11/F11 -> 97.171717 | M11: =YEAR(B11) -> 2024 | N11: =TEXT(B11,"MMM-YYYY") -> Aug-2024
A12: 11 | B12: 45335 | C12: West | D12: Emily Davis | E12: Machinery | F12: 494 | G12: 46767 | H12: Female | I12: 25 | J12: =IF('Production Dataset'!I12<35,"A1",IF('Production Dataset'!I12<45,"A2","A3")) -> A1 | K12: =G12/F12 -> 94.67004 | L12: =G12/F12 -> 94.67004 | M12: =YEAR(B12) -> 2024 | N12: =TEXT(B12,"MMM-YYYY") -> Feb-2024
A13: 12 | B13: 45410 | C13: West | D13: Emily Davis | E13: Automobiles | F13: 462 | G13: 26145 | H13: Unknown | I13: 25 | J13: =IF('Production Dataset'!I13<35,"A1",IF('Production Dataset'!I13<45,"A2","A3")) -> A1 | K13: =G13/F13 -> 56.590909 | L13: =G13/F13 -> 56.590909 | M13: =YEAR(B13) -> 2024 | N13: =TEXT(B13,"MMM-YYYY") -> Apr-2024
... A121: 120 | B121: 45361 | C121: East | D121: Sarah Lee | E121: Automobiles | F121: 497 | G121: 46548 | H121: Female | I121: 36 | J121: =IF('Production Dataset'!I121<35,"A1",IF('Production Dataset'!I121<45,"A2","A3")) -> A2 | K121: =G121/F121 -> 93.657948 | L121: =G121/F121 -> 93.657948 | M121: =YEAR(B121) -> 2024 | N121: =TEXT(B121,"MMM-YYYY") -> Mar-2024

Sheet Sheet1
A3: Manager | B3: Average of Cost Per Unit
A4: David White | B4: 118.99464
A5: Emily Davis | B5: 142.45588
A6: Nancy Grey | B6: 156.393
A7: Andrew Blue | B7: 181.23372
A8: Chris Green | B8: 215.16419
A9: Grand Total | B9: 160.90103

Sheet Sheet2
A3: ProductType | B3: Average of Cost Per Unit
A4: Electronics | B4: 108.36825
A5: Machinery | B5: 108.9766
A6: Automobiles | B6: 140.87388
A7: Furniture | B7: 180.44103
A8: Grand Total | B8: 132.39235

Sheet Sheet3
A3: Manager | B3: Number Of Task
A4: Andrew Blue | B4: 10
A5: Mike Brown | B5: 11
A6: John Doe | B6: 13
A7: Jane Smith | B7: 18
A8: Nancy Grey | B8: 37
A9: Grand Total | B9: 89

Sheet Sheet4
A3: ProductionDate | B3: Sum of UnitsProduced
A4: 45191 | B4: 214
A5: 45193 | B5: 344
A6: 45197 | B6: 213
A7: 45200 | B7: 290
A8: 45207 | B8: 231
A9: 45214 | B9: 719
A10: 45215 | B10: 624
A11: 45216 | B11: 63
A12: 45217 | B12: 263
A13: 45221 | B13: 165
A14: 45228 | B14: 288
A15: 45230 | B15: 460
... A102: 45549 | B102: 491
A103: Grand Total | B103: 34727

Sheet Sheet6
